INSERT INTO movie(id, `cast`, description, director, duration, title) VALUES ('7cf56ebc-5a4d-4cbe-a372-057783e5c545', ' Mark Hamill, Harrison Ford, Carrie Fisher ', 'Luke Skywalker joins forces with a Jedi Knight, a cocky pilot, a wookiee and two droids to save the galaxy from the Empire''s world-destroying battle-station, while also attempting to rescue Princess Leia from the evil Darth Vader.', 'George Lucas', 121, 'Star Wars: Episode IV - A New Hope');
INSERT INTO movie(id, `cast`, description, director, duration, title) VALUES ('7cf56ebc-5a4d-4cbe-a372-057783e5c546', ' Mark Hamill, Harrison Ford, Carrie Fisher ', 'After the rebels have been brutally overpowered by the Empire on their newly established base, Luke Skywalker takes advanced Jedi training with Master Yoda, while his friends are pursued by Darth Vader as part of his plan to capture Luke.', 'George Lucas', 124, 'Star Wars: Episode V - The Empire Strikes Back');
INSERT INTO movie(id, `cast`, description, director, duration, title) VALUES ('7cf56ebc-5a4d-4cbe-a372-057783e5c547', ' Mark Hamill, Harrison Ford, Carrie Fisher ', 'After rescuing Han Solo from the palace of Jabba the Hutt, the rebels attempt to destroy the second Death Star, while Luke struggles to make Vader return from the dark side of the Force.', 'George Lucas', 131, 'Star Wars: Episode VI - Return of the Jedi');

INSERT INTO auditorium(id, `name`, seats_num) VALUES ('7cf56ebc-5a4d-4cbe-a372-057783e5c548', 'Nikola Tesla', 16);
INSERT INTO auditorium(id, `name`, seats_num) VALUES ('7cf56ebc-5a4d-4cbe-a372-057783e5c549', 'Mihajlo Pupin', 16);

INSERT INTO seat(id, num, line, auditorium_id) VALUES ('7cf56ebc-5a4d-4cbe-a372-057783e5c54a', '1', 'A', '7cf56ebc-5a4d-4cbe-a372-057783e5c548');
INSERT INTO seat(id, num, line, auditorium_id) VALUES ('7cf56ebc-5a4d-4cbe-a372-057783e5c54b', '2', 'A', '7cf56ebc-5a4d-4cbe-a372-057783e5c548');
INSERT INTO seat(id, num, line, auditorium_id) VALUES ('7cf56ebc-5a4d-4cbe-a372-057783e5c54c', '3', 'A', '7cf56ebc-5a4d-4cbe-a372-057783e5c548');
INSERT INTO seat(id, num, line, auditorium_id) VALUES ('7cf56ebc-5a4d-4cbe-a372-057783e5c54d', '4', 'A', '7cf56ebc-5a4d-4cbe-a372-057783e5c548');
INSERT INTO seat(id, num, line, auditorium_id) VALUES ('7cf56ebc-5a4d-4cbe-a372-057783e5c54e', '1', 'B', '7cf56ebc-5a4d-4cbe-a372-057783e5c548');
INSERT INTO seat(id, num, line, auditorium_id) VALUES ('7cf56ebc-5a4d-4cbe-a372-057783e5c54f', '2', 'B', '7cf56ebc-5a4d-4cbe-a372-057783e5c548');
INSERT INTO seat(id, num, line, auditorium_id) VALUES ('7cf56ebc-5a4d-4cbe-a372-057783e5c550', '3', 'B', '7cf56ebc-5a4d-4cbe-a372-057783e5c548');
INSERT INTO seat(id, num, line, auditorium_id) VALUES ('7cf56ebc-5a4d-4cbe-a372-057783e5c551', '4', 'B', '7cf56ebc-5a4d-4cbe-a372-057783e5c548');
INSERT INTO seat(id, num, line, auditorium_id) VALUES ('7cf56ebc-5a4d-4cbe-a372-057783e5c552', '1', 'C', '7cf56ebc-5a4d-4cbe-a372-057783e5c548');
INSERT INTO seat(id, num, line, auditorium_id) VALUES ('7cf56ebc-5a4d-4cbe-a372-057783e5c553', '2', 'C', '7cf56ebc-5a4d-4cbe-a372-057783e5c548');
INSERT INTO seat(id, num, line, auditorium_id) VALUES ('7cf56ebc-5a4d-4cbe-a372-057783e5c554', '3', 'C', '7cf56ebc-5a4d-4cbe-a372-057783e5c548');
INSERT INTO seat(id, num, line, auditorium_id) VALUES ('7cf56ebc-5a4d-4cbe-a372-057783e5c555', '4', 'C', '7cf56ebc-5a4d-4cbe-a372-057783e5c548');
INSERT INTO seat(id, num, line, auditorium_id) VALUES ('7cf56ebc-5a4d-4cbe-a372-057783e5c556', '1', 'D', '7cf56ebc-5a4d-4cbe-a372-057783e5c548');
INSERT INTO seat(id, num, line, auditorium_id) VALUES ('7cf56ebc-5a4d-4cbe-a372-057783e5c557', '2', 'D', '7cf56ebc-5a4d-4cbe-a372-057783e5c548');
INSERT INTO seat(id, num, line, auditorium_id) VALUES ('7cf56ebc-5a4d-4cbe-a372-057783e5c558', '3', 'D', '7cf56ebc-5a4d-4cbe-a372-057783e5c548');
INSERT INTO seat(id, num, line, auditorium_id) VALUES ('7cf56ebc-5a4d-4cbe-a372-057783e5c559', '4', 'D', '7cf56ebc-5a4d-4cbe-a372-057783e5c548');
INSERT INTO seat(id, num, line, auditorium_id) VALUES ('7cf56ebc-5a4d-4cbe-a372-057783e5c55a', '1', 'A', '7cf56ebc-5a4d-4cbe-a372-057783e5c549');
INSERT INTO seat(id, num, line, auditorium_id) VALUES ('7cf56ebc-5a4d-4cbe-a372-057783e5c55b', '2', 'A', '7cf56ebc-5a4d-4cbe-a372-057783e5c549');
INSERT INTO seat(id, num, line, auditorium_id) VALUES ('7cf56ebc-5a4d-4cbe-a372-057783e5c55c', '3', 'A', '7cf56ebc-5a4d-4cbe-a372-057783e5c549');
INSERT INTO seat(id, num, line, auditorium_id) VALUES ('7cf56ebc-5a4d-4cbe-a372-057783e5c55d', '4', 'A', '7cf56ebc-5a4d-4cbe-a372-057783e5c549');
INSERT INTO seat(id, num, line, auditorium_id) VALUES ('7cf56ebc-5a4d-4cbe-a372-057783e5c55e', '1', 'B', '7cf56ebc-5a4d-4cbe-a372-057783e5c549');
INSERT INTO seat(id, num, line, auditorium_id) VALUES ('7cf56ebc-5a4d-4cbe-a372-057783e5c55f', '2', 'B', '7cf56ebc-5a4d-4cbe-a372-057783e5c549');
INSERT INTO seat(id, num, line, auditorium_id) VALUES ('7cf56ebc-5a4d-4cbe-a372-057783e5c560', '3', 'B', '7cf56ebc-5a4d-4cbe-a372-057783e5c549');
INSERT INTO seat(id, num, line, auditorium_id) VALUES ('7cf56ebc-5a4d-4cbe-a372-057783e5c561', '4', 'B', '7cf56ebc-5a4d-4cbe-a372-057783e5c549');
INSERT INTO seat(id, num, line, auditorium_id) VALUES ('7cf56ebc-5a4d-4cbe-a372-057783e5c562', '1', 'C', '7cf56ebc-5a4d-4cbe-a372-057783e5c549');
INSERT INTO seat(id, num, line, auditorium_id) VALUES ('7cf56ebc-5a4d-4cbe-a372-057783e5c563', '2', 'C', '7cf56ebc-5a4d-4cbe-a372-057783e5c549');
INSERT INTO seat(id, num, line, auditorium_id) VALUES ('7cf56ebc-5a4d-4cbe-a372-057783e5c564', '3', 'C', '7cf56ebc-5a4d-4cbe-a372-057783e5c549');
INSERT INTO seat(id, num, line, auditorium_id) VALUES ('7cf56ebc-5a4d-4cbe-a372-057783e5c565', '4', 'C', '7cf56ebc-5a4d-4cbe-a372-057783e5c549');
INSERT INTO seat(id, num, line, auditorium_id) VALUES ('7cf56ebc-5a4d-4cbe-a372-057783e5c566', '1', 'D', '7cf56ebc-5a4d-4cbe-a372-057783e5c549');
INSERT INTO seat(id, num, line, auditorium_id) VALUES ('7cf56ebc-5a4d-4cbe-a372-057783e5c567', '2', 'D', '7cf56ebc-5a4d-4cbe-a372-057783e5c549');
INSERT INTO seat(id, num, line, auditorium_id) VALUES ('7cf56ebc-5a4d-4cbe-a372-057783e5c568', '3', 'D', '7cf56ebc-5a4d-4cbe-a372-057783e5c549');
INSERT INTO seat(id, num, line, auditorium_id) VALUES ('7cf56ebc-5a4d-4cbe-a372-057783e5c569', '4', 'D', '7cf56ebc-5a4d-4cbe-a372-057783e5c549');

INSERT INTO screening(id, `start`, auditorium_id, movie_id) VALUES ('7cf56ebc-5a4d-4cbe-a372-057783e5c56a', TIMESTAMPADD('HOUR', 24, CURRENT_DATE), '7cf56ebc-5a4d-4cbe-a372-057783e5c548', '7cf56ebc-5a4d-4cbe-a372-057783e5c545');
INSERT INTO screening(id, `start`, auditorium_id, movie_id) VALUES ('7cf56ebc-5a4d-4cbe-a372-057783e5c56b', TIMESTAMPADD('HOUR', 28, CURRENT_DATE), '7cf56ebc-5a4d-4cbe-a372-057783e5c548', '7cf56ebc-5a4d-4cbe-a372-057783e5c546');
INSERT INTO screening(id, `start`, auditorium_id, movie_id) VALUES ('7cf56ebc-5a4d-4cbe-a372-057783e5c56c', TIMESTAMPADD('HOUR', 32, CURRENT_DATE), '7cf56ebc-5a4d-4cbe-a372-057783e5c548', '7cf56ebc-5a4d-4cbe-a372-057783e5c547');
INSERT INTO screening(id, `start`, auditorium_id, movie_id) VALUES ('7cf56ebc-5a4d-4cbe-a372-057783e5c56d', TIMESTAMPADD('HOUR', 36, CURRENT_DATE), '7cf56ebc-5a4d-4cbe-a372-057783e5c548', '7cf56ebc-5a4d-4cbe-a372-057783e5c545');
INSERT INTO screening(id, `start`, auditorium_id, movie_id) VALUES ('7cf56ebc-5a4d-4cbe-a372-057783e5c56e', TIMESTAMPADD('HOUR', 24, CURRENT_DATE), '7cf56ebc-5a4d-4cbe-a372-057783e5c549', '7cf56ebc-5a4d-4cbe-a372-057783e5c546');
INSERT INTO screening(id, `start`, auditorium_id, movie_id) VALUES ('7cf56ebc-5a4d-4cbe-a372-057783e5c570', TIMESTAMPADD('HOUR', 28, CURRENT_DATE), '7cf56ebc-5a4d-4cbe-a372-057783e5c549', '7cf56ebc-5a4d-4cbe-a372-057783e5c547');
INSERT INTO screening(id, `start`, auditorium_id, movie_id) VALUES ('7cf56ebc-5a4d-4cbe-a372-057783e5c571', TIMESTAMPADD('HOUR', 32, CURRENT_DATE), '7cf56ebc-5a4d-4cbe-a372-057783e5c549', '7cf56ebc-5a4d-4cbe-a372-057783e5c545');
INSERT INTO screening(id, `start`, auditorium_id, movie_id) VALUES ('7cf56ebc-5a4d-4cbe-a372-057783e5c572', TIMESTAMPADD('HOUR', 36, CURRENT_DATE), '7cf56ebc-5a4d-4cbe-a372-057783e5c549', '7cf56ebc-5a4d-4cbe-a372-057783e5c546');


